Series Name,Series Code,Country Name,Country Code,1990 [YR1990],2000 [YR2000],2008 [YR2008],2009 [YR2009],2010 [YR2010],2011 [YR2011],2012 [YR2012],2013 [YR2013],2014 [YR2014],2015 [YR2015],2016 [YR2016],2017 [YR2017]
Urban population (% of total),SP.URB.TOTL.IN.ZS,Afghanistan,AFG,21.177,22.078,23.32,23.528,23.737,23.948,24.16,24.373,24.587,24.803,25.02,25.25
Urban population (% of total),SP.URB.TOTL.IN.ZS,Albania,ALB,36.428,41.741,49.991,51.076,52.163,53.247,54.33,55.387,56.423,57.434,58.421,59.383
Urban population (% of total),SP.URB.TOTL.IN.ZS,Algeria,DZA,52.085,59.919,66.097,66.826,67.54,68.236,68.915,69.576,70.221,70.848,71.459,72.052
Urban population (% of total),SP.URB.TOTL.IN.ZS,American Samoa,ASM,80.948,88.587,87.799,87.697,87.594,87.502,87.42,87.348,87.288,87.238,87.198,87.17
Urban population (% of total),SP.URB.TOTL.IN.ZS,Andorra,AND,94.712,92.395,89.004,88.912,88.819,88.726,88.631,88.537,88.441,88.345,88.248,88.15
Urban population (% of total),SP.URB.TOTL.IN.ZS,Angola,AGO,37.144,50.087,58.282,59.034,59.783,60.528,61.268,62.002,62.731,63.446,64.149,64.839
Urban population (% of total),SP.URB.TOTL.IN.ZS,Antigua and Barbuda,ATG,35.426,32.127,27.405,26.818,26.238,25.703,25.526,25.35,25.175,25,24.846,24.713
Urban population (% of total),SP.URB.TOTL.IN.ZS,Argentina,ARG,86.984,89.142,90.53,90.691,90.849,90.99,91.121,91.249,91.377,91.503,91.627,91.749
Urban population (% of total),SP.URB.TOTL.IN.ZS,Armenia,ARM,67.421,64.666,63.64,63.54,63.44,63.34,63.24,63.164,63.112,63.085,63.082,63.103
Urban population (% of total),SP.URB.TOTL.IN.ZS,Aruba,ABW,50.319,46.717,43.783,43.421,43.059,42.94,42.957,42.99,43.041,43.108,43.192,43.293
Urban population (% of total),SP.URB.TOTL.IN.ZS,Australia,AUS,85.433,84.235,84.943,85.063,85.182,85.3,85.402,85.502,85.602,85.701,85.8,85.904
Urban population (% of total),SP.URB.TOTL.IN.ZS,Austria,AUT,62.96,60.213,57.966,57.683,57.399,57.115,57.147,57.336,57.526,57.715,57.905,58.094
Urban population (% of total),SP.URB.TOTL.IN.ZS,Azerbaijan,AZE,53.749,51.386,52.99,53.19,53.406,53.637,53.883,54.145,54.422,54.714,55.021,55.343
Urban population (% of total),SP.URB.TOTL.IN.ZS,"Bahamas, The",BHS,79.838,82.007,82.343,82.385,82.427,82.476,82.532,82.596,82.668,82.746,82.832,82.925
Urban population (% of total),SP.URB.TOTL.IN.ZS,Bahrain,BHR,88.14,88.372,88.53,88.579,88.634,88.695,88.762,88.835,88.915,88.999,89.09,89.186
Urban population (% of total),SP.URB.TOTL.IN.ZS,Bangladesh,BGD,19.811,23.59,28.968,29.709,30.462,31.225,31.993,32.762,33.535,34.308,35.083,35.858
Urban population (% of total),SP.URB.TOTL.IN.ZS,Barbados,BRB,37.37,33.827,32.256,32.063,31.87,31.7,31.553,31.429,31.328,31.249,31.193,31.159
Urban population (% of total),SP.URB.TOTL.IN.ZS,Belarus,BLR,65.981,69.973,73.726,74.172,74.672,75.188,75.697,76.199,76.693,77.181,77.661,78.134
Urban population (% of total),SP.URB.TOTL.IN.ZS,Belgium,BEL,96.377,97.129,97.555,97.603,97.651,97.698,97.744,97.789,97.833,97.876,97.919,97.961
Urban population (% of total),SP.URB.TOTL.IN.ZS,Belize,BLZ,47.465,45.398,45.262,45.245,45.228,45.228,45.246,45.282,45.335,45.406,45.495,45.601
Urban population (% of total),SP.URB.TOTL.IN.ZS,Benin,BEN,34.485,38.333,42.069,42.58,43.093,43.608,44.125,44.642,45.166,45.695,46.229,46.768
Urban population (% of total),SP.URB.TOTL.IN.ZS,Bermuda,BMU,100,100,100,100,100,100,100,100,100,100,100,100
Urban population (% of total),SP.URB.TOTL.IN.ZS,Bhutan,BTN,16.388,25.418,33.236,34.01,34.793,35.585,36.371,37.149,37.918,38.678,39.428,40.167
Urban population (% of total),SP.URB.TOTL.IN.ZS,Bolivia,BOL,55.577,61.787,65.535,65.984,66.43,66.874,67.315,67.699,68.047,68.393,68.738,69.08
Urban population (% of total),SP.URB.TOTL.IN.ZS,Bosnia and Herzegovina,BIH,39.249,42.384,44.92,45.239,45.558,45.878,46.199,46.519,46.84,47.173,47.518,47.876
Urban population (% of total),SP.URB.TOTL.IN.ZS,Botswana,BWA,41.933,53.219,59.444,60.937,62.412,63.865,64.768,65.572,66.368,67.155,67.933,68.7
Urban population (% of total),SP.URB.TOTL.IN.ZS,Brazil,BRA,73.922,81.192,83.749,84.044,84.335,84.631,84.923,85.209,85.492,85.77,86.042,86.309
Urban population (% of total),SP.URB.TOTL.IN.ZS,British Virgin Islands,VGB,37.814,41.774,44.152,44.479,44.814,45.154,45.502,45.856,46.216,46.583,46.957,47.337
Urban population (% of total),SP.URB.TOTL.IN.ZS,Brunei Darussalam,BRN,66.438,71.164,74.252,74.608,74.961,75.31,75.656,75.997,76.332,76.663,76.99,77.312
Urban population (% of total),SP.URB.TOTL.IN.ZS,Bulgaria,BGR,66.377,68.899,71.622,71.963,72.302,72.638,72.975,73.313,73.651,73.99,74.329,74.669
Urban population (% of total),SP.URB.TOTL.IN.ZS,Burkina Faso,BFA,13.815,17.844,23.534,24.079,24.633,25.196,25.767,26.346,26.934,27.53,28.134,28.743
Urban population (% of total),SP.URB.TOTL.IN.ZS,Burundi,BDI,6.271,8.246,10.118,10.376,10.642,10.915,11.194,11.482,11.776,12.078,12.388,12.706
Urban population (% of total),SP.URB.TOTL.IN.ZS,Cabo Verde,CPV,44.12,53.435,60.194,61.016,61.821,62.322,62.821,63.317,63.81,64.3,64.784,65.261
Urban population (% of total),SP.URB.TOTL.IN.ZS,Cambodia,KHM,15.546,18.586,19.571,19.93,20.294,20.663,21.037,21.415,21.799,22.188,22.582,22.98
Urban population (% of total),SP.URB.TOTL.IN.ZS,Cameroon,CMR,39.657,45.542,50.35,50.954,51.559,52.164,52.769,53.373,53.976,54.578,55.179,55.777
Urban population (% of total),SP.URB.TOTL.IN.ZS,Canada,CAN,76.582,79.478,80.578,80.758,80.937,81.096,81.137,81.178,81.218,81.259,81.3,81.35
Urban population (% of total),SP.URB.TOTL.IN.ZS,Cayman Islands,CYM,100,100,100,100,100,100,100,100,100,100,100,100
Urban population (% of total),SP.URB.TOTL.IN.ZS,Central African Republic,CAF,36.825,37.639,38.506,38.694,38.904,39.135,39.388,39.663,39.959,40.277,40.618,40.98
Urban population (% of total),SP.URB.TOTL.IN.ZS,Chad,TCD,20.811,21.637,21.901,21.934,21.985,22.054,22.142,22.248,22.372,22.515,22.677,22.858
Urban population (% of total),SP.URB.TOTL.IN.ZS,Channel Islands,CHI,31.392,30.465,30.929,30.992,31.054,31.091,31.059,31.027,30.995,30.962,30.93,30.914
Urban population (% of total),SP.URB.TOTL.IN.ZS,Chile,CHL,83.271,86.073,86.959,87.017,87.074,87.132,87.189,87.246,87.303,87.36,87.422,87.49
Urban population (% of total),SP.URB.TOTL.IN.ZS,China,CHN,26.442,35.877,46.539,47.88,49.226,50.511,51.765,53.013,54.259,55.5,56.736,57.96
Urban population (% of total),SP.URB.TOTL.IN.ZS,Colombia,COL,69.481,73.957,77.204,77.587,77.964,78.335,78.701,79.061,79.415,79.764,80.108,80.446
Urban population (% of total),SP.URB.TOTL.IN.ZS,Comoros,COM,27.869,28.08,27.886,27.921,27.973,28.04,28.123,28.223,28.338,28.47,28.619,28.784
Urban population (% of total),SP.URB.TOTL.IN.ZS,"Congo, Dem. Rep.",COD,30.633,35.122,38.976,39.491,40.013,40.544,41.082,41.627,42.18,42.74,43.307,43.88
Urban population (% of total),SP.URB.TOTL.IN.ZS,"Congo, Rep.",COG,54.324,58.695,62.346,62.8,63.256,63.712,64.169,64.627,65.085,65.543,66.001,66.459
Urban population (% of total),SP.URB.TOTL.IN.ZS,Costa Rica,CRI,50.003,59.052,69.39,70.575,71.736,72.868,73.946,74.97,75.941,76.862,77.735,78.56
Urban population (% of total),SP.URB.TOTL.IN.ZS,Cote d'Ivoire,CIV,39.345,43.155,46.491,46.91,47.33,47.751,48.172,48.593,49.014,49.444,49.881,50.326
Urban population (% of total),SP.URB.TOTL.IN.ZS,Croatia,HRV,51.037,53.428,54.819,54.987,55.155,55.322,55.506,55.706,55.923,56.155,56.403,56.667
Urban population (% of total),SP.URB.TOTL.IN.ZS,Cuba,CUB,73.364,75.323,76.413,76.505,76.597,76.689,76.781,76.827,76.861,76.896,76.93,76.977
Urban population (% of total),SP.URB.TOTL.IN.ZS,Curacao,CUW,84.678,90.752,90.161,90.034,89.905,89.775,89.654,89.544,89.443,89.352,89.272,89.203
Urban population (% of total),SP.URB.TOTL.IN.ZS,Cyprus,CYP,66.776,68.648,67.839,67.695,67.551,67.406,67.261,67.137,67.031,66.946,66.881,66.836
Urban population (% of total),SP.URB.TOTL.IN.ZS,Czech Republic,CZE,75.22,73.988,73.394,73.324,73.255,73.185,73.197,73.29,73.384,73.477,73.57,73.675
Urban population (% of total),SP.URB.TOTL.IN.ZS,Denmark,DNK,84.843,85.1,86.487,86.654,86.795,86.957,87.142,87.292,87.41,87.526,87.642,87.757
Urban population (% of total),SP.URB.TOTL.IN.ZS,Djibouti,DJI,75.957,76.532,76.899,76.944,76.999,77.064,77.138,77.222,77.314,77.417,77.528,77.648
Urban population (% of total),SP.URB.TOTL.IN.ZS,Dominica,DMA,63.079,65.265,67.502,67.799,68.094,68.389,68.685,68.982,69.28,69.579,69.88,70.181
Urban population (% of total),SP.URB.TOTL.IN.ZS,Dominican Republic,DOM,55.226,61.753,71.3,72.542,73.753,74.827,75.802,76.749,77.67,78.566,79.436,80.277
Urban population (% of total),SP.URB.TOTL.IN.ZS,Ecuador,ECU,55.09,60.299,62.3,62.495,62.69,62.851,62.988,63.125,63.261,63.398,63.534,63.67
Urban population (% of total),SP.URB.TOTL.IN.ZS,"Egypt, Arab Rep.",EGY,43.478,42.797,43.058,43.039,43.019,43,42.946,42.893,42.839,42.785,42.732,42.705
Urban population (% of total),SP.URB.TOTL.IN.ZS,El Salvador,SLV,49.274,58.912,63.678,64.57,65.452,66.325,67.187,68.036,68.874,69.7,70.501,71.275
Urban population (% of total),SP.URB.TOTL.IN.ZS,Equatorial Guinea,GNQ,34.745,49.092,62.745,64.358,65.94,67.488,69,69.544,70.083,70.616,71.138,71.646
Urban population (% of total),SP.URB.TOTL.IN.ZS,Eritrea,ERI,18.905,26.587,34,34.585,35.175,35.771,..,..,..,..,..,..
Urban population (% of total),SP.URB.TOTL.IN.ZS,Estonia,EST,71.231,69.368,68.351,68.223,68.094,67.965,67.974,68.122,68.269,68.416,68.563,68.717
Urban population (% of total),SP.URB.TOTL.IN.ZS,Eswatini,SWZ,20.202,22.686,22.045,22.262,22.48,22.7,22.849,22.999,23.149,23.3,23.459,23.625
Urban population (% of total),SP.URB.TOTL.IN.ZS,Ethiopia,ETH,12.621,14.74,16.51,16.91,17.319,17.735,18.16,18.575,18.998,19.428,19.866,20.31
Urban population (% of total),SP.URB.TOTL.IN.ZS,Faroe Islands,FRO,30.594,36.337,40.536,40.731,40.926,41.088,41.225,41.363,41.501,41.638,41.777,41.914
Urban population (% of total),SP.URB.TOTL.IN.ZS,Fiji,FJI,41.611,47.908,51.146,51.658,52.171,52.683,53.196,53.706,54.216,54.726,55.235,55.742
Urban population (% of total),SP.URB.TOTL.IN.ZS,Finland,FIN,79.367,82.183,83.299,83.429,83.77,84.313,84.841,85.125,85.175,85.225,85.275,85.325
Urban population (% of total),SP.URB.TOTL.IN.ZS,France,FRA,74.056,75.871,77.868,78.117,78.369,78.622,78.878,79.135,79.394,79.655,79.917,80.18
Urban population (% of total),SP.URB.TOTL.IN.ZS,French Polynesia,PYF,57.852,56.047,59.166,59.742,60.317,60.889,61.459,61.583,61.633,61.683,61.734,61.784
Urban population (% of total),SP.URB.TOTL.IN.ZS,Gabon,GAB,69.143,78.879,84.359,84.955,85.533,86.092,86.634,87.156,87.651,88.118,88.559,88.976
Urban population (% of total),SP.URB.TOTL.IN.ZS,"Gambia, The",GMB,38.312,47.868,54.211,54.937,55.662,56.384,57.105,57.82,58.528,59.228,59.918,60.599
Urban population (% of total),SP.URB.TOTL.IN.ZS,Georgia,GEO,55.038,52.638,54.765,55.15,55.535,55.919,56.303,56.685,57.067,57.448,57.837,58.231
Urban population (% of total),SP.URB.TOTL.IN.ZS,Germany,DEU,73.118,74.965,76.575,76.771,76.966,77.16,77.17,77.18,77.19,77.2,77.224,77.261
Urban population (% of total),SP.URB.TOTL.IN.ZS,Ghana,GHA,36.441,43.929,49.351,50.031,50.713,51.394,52.073,52.748,53.419,54.086,54.749,55.407
Urban population (% of total),SP.URB.TOTL.IN.ZS,Gibraltar,GIB,100,100,100,100,100,100,100,100,100,100,100,100
Urban population (% of total),SP.URB.TOTL.IN.ZS,Greece,GRC,71.467,72.716,75.568,75.932,76.292,76.649,77.004,77.355,77.702,78.046,78.387,78.724
Urban population (% of total),SP.URB.TOTL.IN.ZS,Greenland,GRL,79.698,81.6,83.787,84.087,84.383,84.755,85.2,85.551,85.813,86.071,86.326,86.574
Urban population (% of total),SP.URB.TOTL.IN.ZS,Grenada,GRD,33.427,35.698,35.877,35.871,35.865,35.859,35.869,35.896,35.938,35.997,36.072,36.164
Urban population (% of total),SP.URB.TOTL.IN.ZS,Guam,GUM,90.796,93.129,93.916,94.008,94.099,94.188,94.277,94.364,94.449,94.534,94.617,94.699
Urban population (% of total),SP.URB.TOTL.IN.ZS,Guatemala,GTM,41.992,45.332,47.807,48.104,48.403,48.701,49,49.311,49.634,49.971,50.319,50.68
Urban population (% of total),SP.URB.TOTL.IN.ZS,Guinea,GIN,28.026,30.869,33.106,33.391,33.678,33.966,34.255,34.545,34.836,35.141,35.46,35.793
Urban population (% of total),SP.URB.TOTL.IN.ZS,Guinea-Bissau,GNB,30.83,36.243,39.325,39.716,40.111,40.508,40.908,41.31,41.715,42.123,42.533,42.945
Urban population (% of total),SP.URB.TOTL.IN.ZS,Guyana,GUY,29.583,28.694,27.105,26.869,26.634,26.4,26.4,26.4,26.414,26.441,26.482,26.538
Urban population (% of total),SP.URB.TOTL.IN.ZS,Haiti,HTI,28.51,35.6,45.551,46.528,47.509,48.492,49.477,50.46,51.444,52.427,53.396,54.346
Urban population (% of total),SP.URB.TOTL.IN.ZS,Honduras,HND,40.46,45.458,50.566,51.225,51.885,52.543,53.202,53.858,54.514,55.165,55.813,56.457
Urban population (% of total),SP.URB.TOTL.IN.ZS,"Hong Kong SAR, China",HKG,99.517,100,100,100,100,100,100,100,100,100,100,100
Urban population (% of total),SP.URB.TOTL.IN.ZS,Hungary,HUN,65.838,64.575,67.943,68.46,68.911,69.358,69.678,69.953,70.227,70.5,70.779,71.062
Urban population (% of total),SP.URB.TOTL.IN.ZS,Iceland,ISL,90.75,92.401,93.395,93.511,93.574,93.587,93.6,93.633,93.667,93.7,93.735,93.773
Urban population (% of total),SP.URB.TOTL.IN.ZS,India,IND,25.547,27.667,30.246,30.587,30.93,31.276,31.634,32.003,32.384,32.777,33.182,33.6
Urban population (% of total),SP.URB.TOTL.IN.ZS,Indonesia,IDN,30.584,42.002,48.335,49.134,49.914,50.595,51.276,51.955,52.635,53.313,53.989,54.659
Urban population (% of total),SP.URB.TOTL.IN.ZS,"Iran, Islamic Rep.",IRN,56.33,64.042,69.458,70.045,70.626,71.2,71.755,72.295,72.83,73.358,73.88,74.394
Urban population (% of total),SP.URB.TOTL.IN.ZS,Iraq,IRQ,69.706,68.496,68.927,68.98,69.103,69.268,69.432,69.595,69.758,69.921,70.094,70.278
Urban population (% of total),SP.URB.TOTL.IN.ZS,Ireland,IRL,56.929,59.155,61.141,61.342,61.542,61.742,61.942,62.141,62.34,62.538,62.737,62.947
Urban population (% of total),SP.URB.TOTL.IN.ZS,Isle of Man,IMN,51.746,51.823,51.958,51.976,51.994,52.012,52.046,52.096,52.162,52.245,52.343,52.458
Urban population (% of total),SP.URB.TOTL.IN.ZS,Israel,ISR,90.359,91.203,91.702,91.763,91.826,91.892,91.96,92.031,92.104,92.179,92.256,92.336
Urban population (% of total),SP.URB.TOTL.IN.ZS,Italy,ITA,66.726,67.222,68.092,68.209,68.327,68.444,68.684,68.979,69.272,69.565,69.855,70.144
Urban population (% of total),SP.URB.TOTL.IN.ZS,Jamaica,JAM,49.444,51.814,53.371,53.557,53.743,53.93,54.132,54.35,54.584,54.833,55.098,55.378
Urban population (% of total),SP.URB.TOTL.IN.ZS,Japan,JPN,77.339,78.649,89.103,89.989,90.812,91.069,91.148,91.226,91.304,91.381,91.457,91.535
Urban population (% of total),SP.URB.TOTL.IN.ZS,Jordan,JOR,73.291,78.27,83.692,84.928,86.088,87.172,88.185,89.125,90,90.256,90.506,90.747
Urban population (% of total),SP.URB.TOTL.IN.ZS,Kazakhstan,KAZ,56.266,56.098,56.682,56.755,56.827,56.9,56.973,57.046,57.118,57.191,57.264,57.336
Urban population (% of total),SP.URB.TOTL.IN.ZS,Kenya,KEN,16.748,19.892,22.8,23.183,23.571,23.969,24.376,24.794,25.221,25.658,26.105,26.562
Urban population (% of total),SP.URB.TOTL.IN.ZS,Kiribati,KIR,34.987,42.958,45.706,46.547,47.39,48.235,49.082,49.927,50.773,51.619,52.45,53.262
Urban population (% of total),SP.URB.TOTL.IN.ZS,"Korea, Dem. People’s Rep.",PRK,58.384,59.412,60.04,60.195,60.377,60.557,60.738,60.918,61.098,61.277,61.471,61.678
Urban population (% of total),SP.URB.TOTL.IN.ZS,"Korea, Rep.",KOR,73.844,79.621,81.733,81.835,81.936,81.923,81.851,81.779,81.707,81.634,81.562,81.503
Urban population (% of total),SP.URB.TOTL.IN.ZS,Kosovo,XKX,..,..,..,..,..,..,..,..,..,..,..,..
Urban population (% of total),SP.URB.TOTL.IN.ZS,Kuwait,KWT,97.974,99,100,100,100,100,100,100,100,100,100,100
Urban population (% of total),SP.URB.TOTL.IN.ZS,Kyrgyz Republic,KGZ,37.777,35.298,35.285,35.284,35.306,35.352,35.423,35.517,35.635,35.777,35.944,36.135
Urban population (% of total),SP.URB.TOTL.IN.ZS,Lao PDR,LAO,15.437,21.977,28.893,29.475,30.064,30.66,31.264,31.872,32.487,33.108,33.736,34.368
Urban population (% of total),SP.URB.TOTL.IN.ZS,Latvia,LVA,69.25,68.067,67.834,67.814,67.841,67.869,67.897,67.925,67.952,67.98,68.021,68.075
Urban population (% of total),SP.URB.TOTL.IN.ZS,Lebanon,LBN,83.12,86,87.042,87.187,87.334,87.484,87.636,87.79,87.947,88.106,88.266,88.429
Urban population (% of total),SP.URB.TOTL.IN.ZS,Lesotho,LSO,13.967,19.548,23.796,24.293,24.798,25.31,25.704,26.101,26.502,26.908,27.317,27.73
Urban population (% of total),SP.URB.TOTL.IN.ZS,Liberia,LBR,55.422,44.331,47.088,47.445,47.813,48.193,48.583,48.985,49.397,49.82,50.254,50.697
Urban population (% of total),SP.URB.TOTL.IN.ZS,Libya,LBY,75.723,76.387,77.632,77.837,78.052,78.277,78.512,78.756,79.009,79.27,79.54,79.817
Urban population (% of total),SP.URB.TOTL.IN.ZS,Liechtenstein,LIE,16.928,15.13,14.574,14.519,14.464,14.41,14.367,14.334,14.313,14.303,14.303,14.315
Urban population (% of total),SP.URB.TOTL.IN.ZS,Lithuania,LTU,67.583,66.986,66.848,66.842,66.757,66.741,66.864,66.986,67.108,67.23,67.366,67.516
Urban population (% of total),SP.URB.TOTL.IN.ZS,Luxembourg,LUX,80.947,84.216,87.8,88.178,88.547,88.906,89.249,89.574,89.884,90.179,90.46,90.727
Urban population (% of total),SP.URB.TOTL.IN.ZS,"Macao SAR, China",MAC,99.763,100,100,100,100,100,100,100,100,100,100,100
Urban population (% of total),SP.URB.TOTL.IN.ZS,"Macedonia, FYR",MKD,57.789,58.548,57.175,57.117,57.089,57.092,57.125,57.189,57.284,57.408,57.563,57.748
Urban population (% of total),SP.URB.TOTL.IN.ZS,Madagascar,MDG,23.566,27.121,30.67,31.301,31.938,32.58,33.227,33.878,34.534,35.193,35.856,36.522
Urban population (% of total),SP.URB.TOTL.IN.ZS,Malawi,MWI,11.56,14.61,15.326,15.429,15.544,15.672,15.812,15.966,16.132,16.313,16.506,16.714
Urban population (% of total),SP.URB.TOTL.IN.ZS,Malaysia,MYS,49.794,61.977,69.225,70.075,70.912,71.609,72.275,72.93,73.577,74.213,74.84,75.447
Urban population (% of total),SP.URB.TOTL.IN.ZS,Maldives,MDV,25.84,27.706,35.61,36.021,36.434,36.849,37.267,37.685,38.106,38.529,38.954,39.38
Urban population (% of total),SP.URB.TOTL.IN.ZS,Mali,MLI,23.322,28.356,34.403,35.2,35.999,36.799,37.599,38.398,39.196,39.991,40.783,41.572
Urban population (% of total),SP.URB.TOTL.IN.ZS,Malta,MLT,90.381,92.368,93.929,94.001,94.072,94.141,94.211,94.279,94.347,94.414,94.48,94.546
Urban population (% of total),SP.URB.TOTL.IN.ZS,Marshall Islands,MHL,65.054,68.58,72.613,73.093,73.568,74.038,74.498,74.946,75.384,75.811,76.228,76.634
Urban population (% of total),SP.URB.TOTL.IN.ZS,Mauritania,MRT,39.323,38.091,44.788,45.686,46.588,47.493,48.4,49.306,50.203,51.089,51.962,52.824
Urban population (% of total),SP.URB.TOTL.IN.ZS,Mauritius,MUS,43.9,42.67,41.777,41.666,41.555,41.444,41.332,41.222,41.111,41,40.91,40.841
Urban population (% of total),SP.URB.TOTL.IN.ZS,Mexico,MEX,71.419,74.722,77.222,77.52,77.815,78.111,78.405,78.699,78.993,79.285,79.577,79.867
Urban population (% of total),SP.URB.TOTL.IN.ZS,"Micronesia, Fed. Sts.",FSM,25.818,22.33,22.311,22.305,22.298,22.305,22.324,22.355,22.399,22.456,22.526,22.608
Urban population (% of total),SP.URB.TOTL.IN.ZS,Moldova,MDA,46.762,44.589,42.682,42.651,42.62,42.589,42.558,42.527,42.496,42.49,42.511,42.557
Urban population (% of total),SP.URB.TOTL.IN.ZS,Monaco,MCO,100,100,100,100,100,100,100,100,100,100,100,100
Urban population (% of total),SP.URB.TOTL.IN.ZS,Mongolia,MNG,57.033,57.133,65.581,66.58,67.567,67.963,68.03,68.097,68.163,68.23,68.297,68.363
Urban population (% of total),SP.URB.TOTL.IN.ZS,Montenegro,MNE,48.037,58.544,63.475,63.808,64.14,64.472,64.804,65.137,65.471,65.806,66.141,66.477
Urban population (% of total),SP.URB.TOTL.IN.ZS,Morocco,MAR,48.391,53.335,56.886,57.452,58.018,58.581,59.142,59.7,60.256,60.809,61.36,61.908
Urban population (% of total),SP.URB.TOTL.IN.ZS,Mozambique,MOZ,25,29.098,30.832,31.328,31.83,32.336,32.846,33.36,33.878,34.4,34.926,35.455
Urban population (% of total),SP.URB.TOTL.IN.ZS,Myanmar,MMR,25.243,27.025,28.507,28.695,28.885,29.075,29.266,29.457,29.65,29.858,30.082,30.322
Urban population (% of total),SP.URB.TOTL.IN.ZS,Namibia,NAM,27.656,32.373,39.597,40.601,41.616,42.637,43.693,44.756,45.826,46.9,47.961,49.005
Urban population (% of total),SP.URB.TOTL.IN.ZS,Nauru,NRU,100,100,100,100,100,100,100,100,100,100,100,100
Urban population (% of total),SP.URB.TOTL.IN.ZS,Nepal,NPL,8.854,13.397,16.105,16.434,16.768,17.108,17.458,17.815,18.182,18.557,18.942,19.336
Urban population (% of total),SP.URB.TOTL.IN.ZS,Netherlands,NLD,68.684,76.795,85.402,86.288,87.134,87.879,88.588,89.187,89.69,90.173,90.635,91.077
Urban population (% of total),SP.URB.TOTL.IN.ZS,New Caledonia,NCL,59.577,61.919,65.969,66.624,67.102,67.565,68.024,68.479,68.931,69.379,69.821,70.256
Urban population (% of total),SP.URB.TOTL.IN.ZS,New Zealand,NZL,84.742,86.021,86.28,86.22,86.16,86.1,86.161,86.221,86.281,86.341,86.4,86.466
Urban population (% of total),SP.URB.TOTL.IN.ZS,Nicaragua,NIC,53.075,55.185,56.525,56.721,56.917,57.113,57.309,57.505,57.7,57.895,58.09,58.299
Urban population (% of total),SP.URB.TOTL.IN.ZS,Niger,NER,15.368,16.186,16.229,16.225,16.221,16.216,16.212,16.208,16.219,16.247,16.29,16.35
Urban population (% of total),SP.URB.TOTL.IN.ZS,Nigeria,NGA,29.68,34.84,41.702,42.588,43.48,44.366,45.246,46.118,46.982,47.838,48.683,49.519
Urban population (% of total),SP.URB.TOTL.IN.ZS,Northern Mariana Islands,MNP,89.731,90.152,90.795,90.872,90.949,91.028,91.108,91.19,91.273,91.357,91.443,91.53
Urban population (% of total),SP.URB.TOTL.IN.ZS,Norway,NOR,71.956,76.02,78.526,78.815,79.102,79.455,79.874,80.286,80.692,81.091,81.485,81.871
Urban population (% of total),SP.URB.TOTL.IN.ZS,Oman,OMN,66.102,71.569,74.08,74.624,75.161,76.183,77.564,78.882,80.145,81.35,82.5,83.56
Urban population (% of total),SP.URB.TOTL.IN.ZS,Pakistan,PAK,30.576,32.982,34.59,34.793,34.997,35.202,35.408,35.613,35.819,36.026,36.234,36.442
Urban population (% of total),SP.URB.TOTL.IN.ZS,Palau,PLW,69.593,70.338,73.389,74.109,74.817,75.511,76.194,76.862,77.517,78.159,78.775,79.365
Urban population (% of total),SP.URB.TOTL.IN.ZS,Panama,PAN,53.903,62.198,64.56,64.851,65.14,65.437,65.741,66.052,66.371,66.696,67.027,67.365
Urban population (% of total),SP.URB.TOTL.IN.ZS,Papua New Guinea,PNG,14.994,13.204,13.055,13.037,13.019,13,12.982,12.978,12.988,13.012,13.05,13.102
Urban population (% of total),SP.URB.TOTL.IN.ZS,Paraguay,PRY,48.694,55.331,58.612,58.937,59.261,59.584,59.907,60.197,60.474,60.75,61.026,61.3
Urban population (% of total),SP.URB.TOTL.IN.ZS,Peru,PER,68.901,73.042,76.052,76.241,76.43,76.617,76.804,76.989,77.173,77.357,77.539,77.72
Urban population (% of total),SP.URB.TOTL.IN.ZS,Philippines,PHL,46.986,46.135,45.455,45.371,45.332,45.522,45.712,45.903,46.093,46.284,46.475,46.682
Urban population (% of total),SP.URB.TOTL.IN.ZS,Poland,POL,61.27,61.716,61.116,61.004,60.892,60.78,60.654,60.529,60.403,60.278,60.178,60.105
Urban population (% of total),SP.URB.TOTL.IN.ZS,Portugal,PRT,47.915,54.399,59.359,59.964,60.567,61.167,61.763,62.352,62.936,63.514,64.086,64.652
Urban population (% of total),SP.URB.TOTL.IN.ZS,Puerto Rico,PRI,92.942,94.387,93.942,93.884,93.825,93.773,93.726,93.686,93.651,93.624,93.602,93.587
Urban population (% of total),SP.URB.TOTL.IN.ZS,Qatar,QAT,92.786,96.311,98.139,98.336,98.501,98.602,98.697,98.785,98.868,98.945,99.015,99.078
Urban population (% of total),SP.URB.TOTL.IN.ZS,Romania,ROU,53.217,53.004,53.567,53.698,53.829,53.96,53.974,53.937,53.9,53.887,53.9,53.936
Urban population (% of total),SP.URB.TOTL.IN.ZS,Russian Federation,RUS,73.394,73.35,73.598,73.642,73.687,73.732,73.791,73.863,73.95,74.05,74.164,74.292
Urban population (% of total),SP.URB.TOTL.IN.ZS,Rwanda,RWA,5.416,14.926,16.925,16.93,16.934,16.938,16.943,16.947,16.967,17.004,17.056,17.125
Urban population (% of total),SP.URB.TOTL.IN.ZS,Samoa,WSM,21.2,21.977,20.524,20.3,20.078,19.857,19.624,19.385,19.149,18.914,18.681,18.452
Urban population (% of total),SP.URB.TOTL.IN.ZS,San Marino,SMR,90.4,93.44,95.264,95.508,95.74,95.961,96.171,96.37,96.559,96.739,96.91,97.072
Urban population (% of total),SP.URB.TOTL.IN.ZS,Sao Tome and Principe,STP,43.648,53.424,62.68,63.823,64.952,66.064,67.16,68.208,69.213,70.174,71.092,71.968
Urban population (% of total),SP.URB.TOTL.IN.ZS,Saudi Arabia,SAU,76.583,79.848,81.649,81.867,82.084,82.302,82.52,82.74,82.96,83.18,83.401,83.622
Urban population (% of total),SP.URB.TOTL.IN.ZS,Senegal,SEN,38.896,40.32,42.947,43.359,43.773,44.188,44.603,45.019,45.436,45.862,46.296,46.74
Urban population (% of total),SP.URB.TOTL.IN.ZS,Serbia,SRB,50.393,52.769,54.55,54.772,54.993,55.215,55.356,55.469,55.583,55.696,55.81,55.942
Urban population (% of total),SP.URB.TOTL.IN.ZS,Seychelles,SYC,49.27,50.433,52.619,52.969,53.336,53.72,54.12,54.537,54.969,55.4,55.831,56.261
Urban population (% of total),SP.URB.TOTL.IN.ZS,Sierra Leone,SLE,33.252,35.626,38.077,38.466,38.856,39.248,39.642,40.036,40.432,40.829,41.228,41.636
Urban population (% of total),SP.URB.TOTL.IN.ZS,Singapore,SGP,100,100,100,100,100,100,100,100,100,100,100,100
Urban population (% of total),SP.URB.TOTL.IN.ZS,Sint Maarten (Dutch part),SXM,100,100,100,100,100,100,100,100,100,100,100,100
Urban population (% of total),SP.URB.TOTL.IN.ZS,Slovak Republic,SVK,56.491,56.233,55.111,54.96,54.685,54.42,54.28,54.14,54,53.889,53.806,53.751
Urban population (% of total),SP.URB.TOTL.IN.ZS,Slovenia,SVN,50.39,50.754,52.209,52.433,52.658,52.883,53.108,53.332,53.557,53.781,54.02,54.273
Urban population (% of total),SP.URB.TOTL.IN.ZS,Solomon Islands,SLB,13.677,15.813,19.138,19.589,20.048,20.508,20.97,21.433,21.896,22.36,22.823,23.286
Urban population (% of total),SP.URB.TOTL.IN.ZS,Somalia,SOM,29.658,33.247,36.011,37.645,39.31,41,41.558,42.117,42.679,43.245,43.816,44.391
Urban population (% of total),SP.URB.TOTL.IN.ZS,South Africa,ZAF,52.037,56.891,61.154,61.687,62.218,62.746,63.272,63.793,64.312,64.828,65.341,65.85
Urban population (% of total),SP.URB.TOTL.IN.ZS,South Sudan,SSD,13.276,16.504,17.555,17.701,17.86,18.032,18.217,18.415,18.626,18.852,19.092,19.346
Urban population (% of total),SP.URB.TOTL.IN.ZS,Spain,ESP,75.351,76.262,77.976,78.21,78.442,78.673,78.902,79.133,79.366,79.602,79.84,80.08
Urban population (% of total),SP.URB.TOTL.IN.ZS,Sri Lanka,LKA,18.535,18.38,18.257,18.242,18.226,18.211,18.196,18.198,18.218,18.256,18.311,18.384
Urban population (% of total),SP.URB.TOTL.IN.ZS,St. Kitts and Nevis,KNA,34.609,32.778,31.603,31.463,31.322,31.182,31.062,30.964,30.885,30.827,30.79,30.773
Urban population (% of total),SP.URB.TOTL.IN.ZS,St. Lucia,LCA,29.349,27.774,20.131,19.213,18.45,18.45,18.45,18.461,18.482,18.515,18.558,18.612
Urban population (% of total),SP.URB.TOTL.IN.ZS,St. Martin (French part),MAF,..,..,..,..,..,..,..,..,..,..,..,..
Urban population (% of total),SP.URB.TOTL.IN.ZS,St. Vincent and the Grenadines,VCT,41.409,45.186,48.18,48.569,48.961,49.356,49.754,50.154,50.558,50.964,51.373,51.784
Urban population (% of total),SP.URB.TOTL.IN.ZS,Sudan,SDN,28.61,32.495,32.919,32.993,33.089,33.207,33.346,33.507,33.689,33.894,34.121,34.37
Urban population (% of total),SP.URB.TOTL.IN.ZS,Suriname,SUR,65.706,66.444,66.479,66.412,66.344,66.276,66.208,66.14,66.089,66.056,66.04,66.041
Urban population (% of total),SP.URB.TOTL.IN.ZS,Sweden,SWE,83.1,84.026,84.746,84.902,85.056,85.297,85.62,85.936,86.247,86.553,86.852,87.146
Urban population (% of total),SP.URB.TOTL.IN.ZS,Switzerland,CHE,73.926,73.383,73.556,73.581,73.607,73.631,73.653,73.674,73.696,73.718,73.739,73.761
Urban population (% of total),SP.URB.TOTL.IN.ZS,Syrian Arab Republic,SYR,48.931,51.947,54.875,55.237,55.6,54.58,53.555,52.529,51.5,52.168,52.835,53.5
Urban population (% of total),SP.URB.TOTL.IN.ZS,Tajikistan,TJK,31.658,26.501,26.516,26.518,26.52,26.521,26.545,26.589,26.655,26.742,26.851,26.982
Urban population (% of total),SP.URB.TOTL.IN.ZS,Tanzania,TZA,18.884,22.309,26.776,27.439,28.114,28.798,29.493,30.196,30.904,31.617,32.333,33.053
Urban population (% of total),SP.URB.TOTL.IN.ZS,Thailand,THA,29.424,31.386,41.242,42.543,43.856,44.698,45.445,46.193,46.943,47.694,48.448,49.2
Urban population (% of total),SP.URB.TOTL.IN.ZS,Timor-Leste,TLS,20.842,24.263,27.048,27.389,27.732,28.079,28.428,28.779,29.133,29.49,29.85,30.212
Urban population (% of total),SP.URB.TOTL.IN.ZS,Togo,TGO,28.589,32.907,36.587,37.058,37.533,38.032,38.546,39.061,39.579,40.1,40.628,41.162
Urban population (% of total),SP.URB.TOTL.IN.ZS,Tonga,TON,22.704,23.012,23.281,23.335,23.389,23.443,23.435,23.382,23.328,23.275,23.222,23.169
Urban population (% of total),SP.URB.TOTL.IN.ZS,Trinidad and Tobago,TTO,54.124,55.905,54.402,54.213,54.025,53.836,53.671,53.53,53.413,53.319,53.25,53.205
Urban population (% of total),SP.URB.TOTL.IN.ZS,Tunisia,TUN,57.946,63.432,66.093,66.376,66.657,66.938,67.218,67.495,67.772,68.056,68.346,68.642
Urban population (% of total),SP.URB.TOTL.IN.ZS,Turkey,TUR,59.203,64.741,69.651,70.241,70.825,71.402,71.974,72.531,73.077,73.611,74.134,74.644
Urban population (% of total),SP.URB.TOTL.IN.ZS,Turkmenistan,TKM,45.075,45.913,47.868,48.172,48.491,48.825,49.175,49.541,49.921,50.317,50.728,51.153
Urban population (% of total),SP.URB.TOTL.IN.ZS,Turks and Caicos Islands,TCA,74.343,84.55,89.294,89.77,90.228,90.668,91.09,91.483,91.851,92.195,92.517,92.817
Urban population (% of total),SP.URB.TOTL.IN.ZS,Tuvalu,TUV,40.661,46.018,52.765,53.782,54.796,55.807,56.815,57.814,58.786,59.73,60.645,61.53
Urban population (% of total),SP.URB.TOTL.IN.ZS,Uganda,UGA,11.076,14.786,18.384,18.878,19.383,19.898,20.424,20.958,21.504,22.06,22.624,23.196
Urban population (% of total),SP.URB.TOTL.IN.ZS,Ukraine,UKR,66.757,67.145,68.325,68.502,68.596,68.689,68.782,68.875,68.968,69.061,69.154,69.246
Urban population (% of total),SP.URB.TOTL.IN.ZS,United Arab Emirates,ARE,79.051,80.236,83.387,83.742,84.087,84.423,84.749,85.066,85.375,85.674,85.965,86.248
Urban population (% of total),SP.URB.TOTL.IN.ZS,United Kingdom,GBR,78.14,78.651,80.757,81.031,81.302,81.57,81.837,82.102,82.365,82.626,82.886,83.143
Urban population (% of total),SP.URB.TOTL.IN.ZS,United States,USA,75.3,79.057,80.438,80.606,80.772,80.944,81.119,81.299,81.483,81.671,81.862,82.058
Urban population (% of total),SP.URB.TOTL.IN.ZS,Uruguay,URY,88.973,92.028,93.998,94.209,94.414,94.612,94.739,94.843,94.945,95.045,95.144,95.24
Urban population (% of total),SP.URB.TOTL.IN.ZS,Uzbekistan,UZB,41.365,46.126,49.989,50.472,50.956,51.15,51.05,50.95,50.85,50.75,50.65,50.55
Urban population (% of total),SP.URB.TOTL.IN.ZS,Vanuatu,VUT,18.715,21.673,23.985,24.286,24.462,24.561,24.661,24.761,24.861,24.961,25.062,25.163
Urban population (% of total),SP.URB.TOTL.IN.ZS,"Venezuela, RB",VEN,84.284,87.559,88.031,88.057,88.083,88.108,88.123,88.133,88.144,88.154,88.165,88.183
Urban population (% of total),SP.URB.TOTL.IN.ZS,Vietnam,VNM,20.257,24.374,29.128,29.762,30.417,31.08,31.752,32.429,33.115,33.809,34.51,35.213
Urban population (% of total),SP.URB.TOTL.IN.ZS,Virgin Islands (U.S.),VIR,87.685,92.586,94.239,94.419,94.594,94.761,94.919,95.07,95.213,95.35,95.48,95.603
Urban population (% of total),SP.URB.TOTL.IN.ZS,West Bank and Gaza,PSE,67.709,71.969,73.704,73.923,74.149,74.381,74.619,74.863,75.113,75.368,75.628,75.894
Urban population (% of total),SP.URB.TOTL.IN.ZS,"Yemen, Rep.",YEM,20.931,26.267,30.619,31.194,31.776,32.364,32.958,33.559,34.165,34.777,35.394,36.016
Urban population (% of total),SP.URB.TOTL.IN.ZS,Zambia,ZMB,39.407,34.802,38.371,38.861,39.355,39.851,40.354,40.865,41.382,41.907,42.438,42.976
Urban population (% of total),SP.URB.TOTL.IN.ZS,Zimbabwe,ZWE,28.988,33.758,33.56,33.378,33.196,33.015,32.834,32.654,32.504,32.385,32.296,32.237
Urban population (% of total),SP.URB.TOTL.IN.ZS,Arab World,ARB,50.29992622,52.84154529,55.4510811,55.8855303,56.31810823,56.66964106,56.97356342,57.27113797,57.5576053,57.89587092,58.21263718,58.51552604
Urban population (% of total),SP.URB.TOTL.IN.ZS,Caribbean small states,CSS,48.79660894,50.21199668,50.43673516,50.44702947,50.45628578,50.48173199,50.54454833,50.61674217,50.70251845,50.80256027,50.9184798,51.04939525
Urban population (% of total),SP.URB.TOTL.IN.ZS,Central Europe and the Baltics,CEB,61.39160282,61.47932792,61.91610508,61.97778225,62.0180234,62.06393449,62.08177697,62.09681374,62.11364514,62.14068325,62.18447909,62.24729525
Urban population (% of total),SP.URB.TOTL.IN.ZS,Early-demographic dividend,EAR,34.98052877,38.39368625,41.30159359,41.68976965,42.0802115,42.45854973,42.83695455,43.2190101,43.60611812,44.0054689,44.40754156,44.8132812
Urban population (% of total),SP.URB.TOTL.IN.ZS,East Asia & Pacific,EAS,33.96197623,41.42622549,49.88737711,50.91952955,51.94780292,52.87992304,53.77787152,54.66822399,55.55735106,56.44321924,57.32517397,58.19855156
Urban population (% of total),SP.URB.TOTL.IN.ZS,East Asia & Pacific (excluding high income),EAP,28.10654214,36.56879734,45.41182576,46.51705364,47.62372879,48.66569869,49.67993612,50.68723234,51.69140417,52.69054433,53.68575936,54.67199544
Urban population (% of total),SP.URB.TOTL.IN.ZS,East Asia & Pacific (IDA & IBRD countries),TEA,27.71752491,36.27536654,45.22487087,46.34257684,47.46134224,48.51455134,49.53962913,50.55765272,51.57248202,52.58218969,53.58771462,54.58394818
Urban population (% of total),SP.URB.TOTL.IN.ZS,Euro area,EMU,71.22254277,72.94216643,74.82314807,75.05089082,75.2816983,75.5096499,75.72508897,75.93063767,76.12813798,76.33970204,76.5543109,76.77136644
Urban population (% of total),SP.URB.TOTL.IN.ZS,Europe & Central Asia,ECS,67.59261674,68.71539352,70.34400292,70.5445036,70.7381687,70.91625717,71.09104548,71.26334351,71.43511712,71.61409137,71.79811114,71.98607435
Urban population (% of total),SP.URB.TOTL.IN.ZS,Europe & Central Asia (excluding high income),ECA,63.02839185,63.85199854,65.25072541,65.4416458,65.62045046,65.78246681,65.93600602,66.08988346,66.24732952,66.40955164,66.57786556,66.75127794
Urban population (% of total),SP.URB.TOTL.IN.ZS,Europe & Central Asia (IDA & IBRD countries),TEC,62.73684366,63.55715437,64.78319286,64.94923689,65.1062409,65.25012132,65.38289846,65.51694366,65.65470269,65.79774582,65.94845622,66.10627637
Urban population (% of total),SP.URB.TOTL.IN.ZS,European Union,EUU,70.42201247,71.7712398,73.56084414,73.78199637,74.00448632,74.22304591,74.42734248,74.624381,74.81731588,75.02261157,75.2333129,75.44806061
Urban population (% of total),SP.URB.TOTL.IN.ZS,Fragile and conflict affected situations,FCS,32.62136491,35.6565374,37.96764913,38.31850464,38.67915351,38.9822182,39.26264544,39.55355833,39.85591501,40.23597807,40.6216848,41.01492029
Urban population (% of total),SP.URB.TOTL.IN.ZS,Heavily indebted poor countries (HIPC),HPC,25.40198192,28.68428355,31.5161886,31.95156825,32.39325177,32.84020885,33.27111417,33.70384798,34.14314989,34.5907775,35.04634877,35.50989911
Urban population (% of total),SP.URB.TOTL.IN.ZS,High income,HIC,74.6622312,77.08814601,79.7421839,80.01768195,80.28654437,80.49487158,80.66880196,80.83766748,81.00503055,81.17732578,81.35089665,81.52710549
Urban population (% of total),SP.URB.TOTL.IN.ZS,IBRD only,IBD,38.4316037,43.59251307,48.77274674,49.4278239,50.0848431,50.71714562,51.34134024,51.96495106,52.58861184,53.20959608,53.82882402,54.44536596
Urban population (% of total),SP.URB.TOTL.IN.ZS,IDA & IBRD total,IBT,35.95040226,40.47375733,44.97223124,45.54725769,46.12290992,46.67173016,47.20957853,47.74634276,48.28361694,48.8248496,49.36543689,49.90443856
Urban population (% of total),SP.URB.TOTL.IN.ZS,IDA blend,IDB,30.61760837,34.1402362,37.82245905,38.30595109,38.80262009,39.27679292,39.72211559,40.16840228,40.61764298,41.06994948,41.52388033,41.9793189
Urban population (% of total),SP.URB.TOTL.IN.ZS,IDA only,IDX,23.20342462,26.45499977,29.69094212,30.16110495,30.62948234,31.06378236,31.48406172,31.90671967,32.33943853,32.81607167,33.30289593,33.79918347
Urban population (% of total),SP.URB.TOTL.IN.ZS,IDA total,IDA,25.6995548,29.01306309,32.37334226,32.8482596,33.32818195,33.77825472,34.20841743,34.64071356,35.08066462,35.55062042,36.02743708,36.51056774
Urban population (% of total),SP.URB.TOTL.IN.ZS,Late-demographic dividend,LTE,38.78201278,45.60632022,53.33067972,54.31723051,55.30470924,56.23672801,57.14381851,58.04311331,58.93786369,59.82685478,60.70961953,61.58266164
Urban population (% of total),SP.URB.TOTL.IN.ZS,Latin America & Caribbean,LCN,70.68137035,75.48691337,77.99809352,78.28037713,78.55981963,78.83609112,79.10693285,79.3723813,79.63479272,79.89425201,80.15049601,80.4040981
Urban population (% of total),SP.URB.TOTL.IN.ZS,Latin America & Caribbean (excluding high income),LAC,68.70350137,73.9276378,76.68157373,76.9915577,77.29805704,77.60228379,77.90081499,78.19281283,78.48122076,78.76593263,79.04655331,79.32365272
Urban population (% of total),SP.URB.TOTL.IN.ZS,Latin America & the Caribbean (IDA & IBRD countries),TLA,70.44051943,75.3622624,77.94100275,78.23122486,78.51831014,78.80249903,79.08084418,79.35417672,79.62477651,79.8920972,80.15595892,80.41664141
Urban population (% of total),SP.URB.TOTL.IN.ZS,Least developed countries: UN classification,LDC,21.50198168,25.01698265,28.45785072,28.9527539,29.45526449,29.96427518,30.46234788,30.962802,31.46930518,31.98212895,32.50140798,33.02683006
Urban population (% of total),SP.URB.TOTL.IN.ZS,Low & middle income,LMY,35.32654453,39.93252564,44.50382383,45.08799529,45.67322191,46.23119332,46.77801767,47.32362554,47.86961332,48.41947717,48.96843893,49.51556381
Urban population (% of total),SP.URB.TOTL.IN.ZS,Low income,LIC,23.7587041,26.63678248,29.12521297,29.51724274,29.90471052,30.23909781,30.5519582,30.86907374,31.20194875,31.60027419,32.01414798,32.44268522
Urban population (% of total),SP.URB.TOTL.IN.ZS,Lower middle income,LMC,29.73354909,32.86862707,35.97593243,36.39557696,36.8210704,37.24663083,37.674549,38.10877164,38.54870038,38.99647568,39.449864,39.91033663
Urban population (% of total),SP.URB.TOTL.IN.ZS,Middle East & North Africa,MEA,54.83578758,58.46009075,61.68514962,62.10911407,62.52775787,62.87250001,63.20736929,63.53571701,63.85459157,64.22109285,64.56716351,64.89929031
Urban population (% of total),SP.URB.TOTL.IN.ZS,Middle East & North Africa (excluding high income),MNA,51.65978975,55.30258041,58.23425224,58.58959954,58.95703241,59.25002471,59.54075066,59.83479338,60.12570073,60.47820962,60.81329834,61.13944134
Urban population (% of total),SP.URB.TOTL.IN.ZS,Middle East & North Africa (IDA & IBRD countries),TMN,51.51925976,55.12741486,58.06034207,58.41535182,58.78251977,59.07417093,59.36344311,59.65600511,59.9452952,60.29683261,60.63064387,60.9552231
Urban population (% of total),SP.URB.TOTL.IN.ZS,Middle income,MIC,36.37297672,41.29636111,46.28760642,46.92224685,47.55888592,48.17154005,48.77470358,49.37664257,49.97826515,50.57748278,51.17502693,51.76993054
Urban population (% of total),SP.URB.TOTL.IN.ZS,North America,NAC,75.43368281,79.10252488,80.45557911,80.62475222,80.79198514,80.96264009,81.12430079,81.29035628,81.45982057,81.63298991,81.80863987,81.98954295
Urban population (% of total),SP.URB.TOTL.IN.ZS,Not classified,INX,..,..,..,..,..,..,..,..,..,..,..,..
Urban population (% of total),SP.URB.TOTL.IN.ZS,OECD members,OED,73.2139425,75.72036753,78.48057096,78.76698935,79.0468928,79.26406124,79.451371,79.63584232,79.81953419,80.00809714,80.19890062,80.39306281
Urban population (% of total),SP.URB.TOTL.IN.ZS,Other small states,OSS,45.48970417,49.93171592,55.36841898,56.2452074,57.04849278,57.77090586,58.39200445,58.93643864,59.45658124,59.9628182,60.45374414,60.9254461
Urban population (% of total),SP.URB.TOTL.IN.ZS,Pacific island small states,PSS,31.49796877,34.55925896,36.19128644,36.51647691,36.82906652,37.12655335,37.42285669,37.72171969,38.03402653,38.33834475,38.64321098,38.94856828
Urban population (% of total),SP.URB.TOTL.IN.ZS,Post-demographic dividend,PST,74.06041506,76.46968664,79.28587,79.57423515,79.85121135,80.06269692,80.23583883,80.40296806,80.57011801,80.74239686,80.9161042,81.09307238
Urban population (% of total),SP.URB.TOTL.IN.ZS,Pre-demographic dividend,PRE,28.34281309,32.0447364,35.78039078,36.3023363,36.83652377,37.37916793,37.9089069,38.44111872,38.97632376,39.51428409,40.05433529,40.59767654
Urban population (% of total),SP.URB.TOTL.IN.ZS,Small states,SST,45.3390385,48.96806402,53.15299014,53.84620864,54.48800413,55.0744464,55.59495933,56.06137846,56.51388997,56.95950397,57.39700351,57.8229583
Urban population (% of total),SP.URB.TOTL.IN.ZS,South Asia,SAS,25.05236452,27.3590591,30.07058577,30.43205898,30.7955861,31.16171042,31.53691207,31.91968932,32.31172694,32.71289866,33.12311888,33.54329792
Urban population (% of total),SP.URB.TOTL.IN.ZS,South Asia (IDA & IBRD),TSA,25.05236452,27.3590591,30.07058577,30.43205898,30.7955861,31.16171042,31.53691207,31.91968932,32.31172694,32.71289866,33.12311888,33.54329792
Urban population (% of total),SP.URB.TOTL.IN.ZS,Sub-Saharan Africa,SSF,27.39692286,31.34305417,34.91150245,35.41469516,35.92735455,36.44687074,36.95571057,37.46590654,37.98040119,38.49858067,39.01946197,39.54342899
Urban population (% of total),SP.URB.TOTL.IN.ZS,Sub-Saharan Africa (excluding high income),SSA,27.39395408,31.34074451,34.90964927,35.41290043,35.92557369,36.44519608,36.95407547,37.46429468,37.97881572,38.4970108,39.01792133,39.54191887
Urban population (% of total),SP.URB.TOTL.IN.ZS,Sub-Saharan Africa (IDA & IBRD countries),TSS,27.39692286,31.34305417,34.91150245,35.41469516,35.92735455,36.44687074,36.95571057,37.46590654,37.98040119,38.49858067,39.01946197,39.54342899
Urban population (% of total),SP.URB.TOTL.IN.ZS,Upper middle income,UMC,42.56198379,49.79018542,57.43042337,58.38780391,59.34800762,60.25907864,61.14592343,62.02397024,62.89558048,63.75641658,64.6076009,65.44611647
Urban population (% of total),SP.URB.TOTL.IN.ZS,World,WLD,43.04532093,46.70183125,50.6608612,51.16192342,51.65974339,52.11642023,52.56530454,53.01339702,53.46329984,53.91798758,54.37300262,54.82651837
